"AGQ","PROSHARES TR II ULTRA SILVER NEW"
"ARKG","ARK Genomic Revolution ETF"
"ARKK","ARK Innovation ETF"
"ASHR","DBX ETF TR XTRACK HRVST CSI"
"BITO","PROSHARES TR BITCOIN ETF"
"BITX","2x Bitcoin Strategy ETF"
"BOIL","PROSHARES TR II ULTRA BLOOMBERG"
"CHAU","DIREXION SHS ETF TR CSI 300 BULL2X"
"DIA","SPDR DOW JONES INDL AVERAGE ET UT SER 1"
"DPST","DIREXION SHS ETF TR DAILY REGIONAL"
"EEM","ISHARES TR MSCI EMG MKT ETF"
"EFA","ISHARES TR MSCI EAFE ETF"
"EMB","ISHARES TR JPMORGAN USD EMG"
"ETHA","ISHARES ETHEREUM TR SHS"
"ETHU","2x Ether ETF"
"EWW","ISHARES INC MSCI MEXICO ETF"
"EWZ","ISHARES INC MSCI BRAZIL ETF"
"FAS","DIREXION SHS ETF TR DLY FIN BULL NEW"
"FAZ","DIREXION SHS ETF TR DAILY FINL BEAR"
"FBTC","Fidelity Wise Origin Bitcoin Fund"
"FEZ","SPDR INDEX SHS FDS EURO STOXX 50"
"FXI","ISHARES TR CHINA LG-CAP ETF"
"GDX","VANECK ETF TRUST GOLD MINERS ETF"
"GDXJ","VANECK ETF TRUST JUNIOR GOLD MINE"
"GLD","SPDR GOLD TR GOLD SHS"
"HYG","ISHARES TR IBOXX HI YD ETF"
"IAU","ISHARES GOLD TR ISHARES NEW"
"IBIT","ISHARES BITCOIN TRUST ETF SHS BEN INT"
"ICLN","ISHARES TR GL CLEAN ENE ETF"
"IEF","ISHARES TR 7-10 YR TRSY BD"
"IGV","iShares Expanded Tech-Software Sector ETF"
"ITB","iShares U.S. Home Construction ETF"
"IVV","ISHARES TR CORE S&P500 ETF"
"IWM","ISHARES TR RUSSELL 2000 ETF"
"IYR","ISHARES TR U.S. REAL ES ETF"
"JETS","ETF SER SOLUTIONS US GLB JETS"
"JNK","SPDR SERIES TRUST BLOOMBERG HIGH Y"
"KOLD","PROSHARES TR II ULSHT BLOOMB GAS"
"KRE","SPDR SERIES TRUST S&P REGL BKG"
"KWEB","KRANESHARES TRUST CSI CHI INTERNET"
"LABD","DIREXION SHS ETF TR DAILY S&P BIOTEC"
"LABU","DIREXION SHS ETF TR DAILY S&P BIOTCH"
"LQD","ISHARES TR IBOXX INV CP ETF"
"MAGS","Roundhill Magnificent Seven ETF"
"MSOS","ADVISORSHARES TR PURE US CANNABIS"
"MSTU","T-Rex 2X Long MSTR Daily Target ETF"
"MSTX","TIDAL TR II DEF DLY TGT 2X L"
"MSTY","TIDAL TR II YIELDMAX MSTR OP"
"MSTZ","T-Rex 2X Inverse MSTR Daily Target ETF"
"NUGT","DIREXION SHS ETF TR DLY GOLD INDX 2X"
"NVDL","GRANITESHARES ETF TR 2X LONG NVDA DAI"
"NVDX","T-Rex 2X Long NVIDIA Daily Target ETF"
"OIH","VANECK ETF TRUST OIL SERVICES ETF"
"QQQ","INVESCO QQQ TR UNIT SER 1"
"RSP","INVESCO EXCHANGE TRADED FD TR S&P500 EQL WGT"
"SCHD","SCHWAB STRATEGIC TR US DIVIDEND EQ"
"SILJ","AMPLIFY ETF TR AMPLIFY JUNIOR S"
"SLV","ISHARES SILVER TR ISHARES"
"SMH","VANECK ETF TRUST SEMICONDUCTR ETF"
"SMST","TIDAL TR II DEFIANCE DT 2X S"
"SOXL","DIREXION SHS ETF TR DLY SCOND 3XBU"
"SOXS","DIREXION SHS ETF TR DAILY SEMICONDUC"
"SPXL","DIREXION SHS ETF TR DRX S&P500BULL"
"SPXS","DIREXION SHS ETF TR DLY S&P500 BR 3X"
"SPXU","PROSHARES TR ULTRAPRO SHORT S"
"SPY","SPDR S&P 500 ETF TR TR UNIT"
"SQQQ","PROSHARES TR ULTRAPRO SHT QQQ"
"SSO","PROSHARES TR PSHS ULT S&P 500"
"SVIX","-1x Short VIX Futures ETF"
"SVXY","ProShares Short VIX Short-Term Futures ETF"
"TAN","INVESCO EXCH TRADED FD TR II SOLAR ETF"
"TLT","ISHARES TR 20 YR TR BD ETF"
"TMF","DIREXION SHS ETF TR DAILY 20+ YEAR T"
"TNA","DIREXION SHS ETF TR DLY SMCAP BULL3X"
"TOPT","ISHARES TR TOP 20 U S STOCK"
"TQQQ","PROSHARES TR ULTRAPRO QQQ"
"TSLL","DIREXION SHS ETF TR DAILY TSLA 2X SH"
"TZA","DIREXION SHS ETF TR DAILY SM CP BEAR"
"UCO","PROSHARES TR II ULTA BLMBG 2017"
"UNG","UNITED STS NAT GAS FD LP UNIT PAR"
"UPRO","PROSHARES TR ULTRPRO S&P500"
"URA","GLOBAL X FDS GLOBAL X URANIUM"
"USO","UNITED STS OIL FD LP UNITS"
"UVIX","2x Long VIX Futures ETF "
"UVXY","ProShares Ultra VIX Short-Term Futures ETF"
"VNQ","VANGUARD INDEX FDS REAL ESTATE ETF"
"VOO","VANGUARD INDEX FDS S&P 500 ETF SHS"
"VTI","VANGUARD INDEX FDS TOTAL STK MKT"
"VXX","iPath Series B S&P 500 VIX Short-Term Futures ETN"
"WEAT","TEUCRIUM COMMODITY TR WHEAT FD"
"XBI","SPDR SERIES TRUST S&P BIOTECH"
"XHB","SPDR SERIES TRUST S&P HOMEBUILD"
"XLB","SELECT SECTOR SPDR TR SBI MATERIALS"
"XLC","SELECT SECTOR SPDR TR COMMUNICATION"
"XLE","SELECT SECTOR SPDR TR ENERGY"
"XLF","SELECT SECTOR SPDR TR FINANCIAL"
"XLI","SELECT SECTOR SPDR TR INDL"
"XLK","SELECT SECTOR SPDR TR TECHNOLOGY"
"XLP","SELECT SECTOR SPDR TR SBI CONS STPLS"
"XLU","SELECT SECTOR SPDR TR SBI INT-UTILS"
"XLV","SELECT SECTOR SPDR TR SBI HEALTHCARE"
"XLY","SELECT SECTOR SPDR TR SBI CONS DISCR"
"XOP","SPDR SERIES TRUST S&P OILGAS EXP"
"XRT","SPDR SERIES TRUST S&P RETAIL ETF"
"YANG","DIREXION SHS ETF TR DAILY FTSE CHINA"
"YINN","DIREXION SHS ETF TR DL FTSE BULL 3X"

Available Weeklys - Equity
"AA","ALCOA CORP COM"
"AAL","AMERICAN AIRLS GROUP INC COM"
"AAOI","APPLIED OPTOELECTRONICS INC COM"
"AAP","ADVANCE AUTO PARTS INC COM"
"AAPL","APPLE INC COM"
"ABBV","ABBVIE INC COM"
"ABNB","AIRBNB INC COM CL A"
"ABR","ARBOR REALTY TRUST INC COM"
"ABT","ABBOTT LABS COM"
"ACHR","ARCHER AVIATION INC COM CL A"
"ACI","ALBERTSONS COS INC COMMON STOCK"
"ACN","ACCENTURE PLC IRELAND SHS CLASS A"
"ADBE","ADOBE INC COM"
"ADI","ANALOG DEVICES INC COM"
"ADM","ARCHER DANIELS MIDLAND CO COM"
"ADP","AUTOMATIC DATA PROCESSING INC COM"
"ADSK","AUTODESK INC COM"
"AEM","AGNICO EAGLE MINES LTD COM"
"AEO","AMERICAN EAGLE OUTFITTERS INC COM"
"AES","AES CORP COM"
"AFL","AFLAC INC COM"
"AFRM","AFFIRM HLDGS INC COM CL A"
"AG","FIRST MAJESTIC SILVER CORP COM"
"AGNC","AGNC INVT CORP COM"
"AI","C3 AI INC CL A"
"AIG","AMERICAN INTL GROUP INC COM NEW"
"AKAM","AKAMAI TECHNOLOGIES INC COM"
"ALAB","ASTERA LABS INC COM"
"ALB","ALBEMARLE CORP COM"
"ALGN","ALIGN TECHNOLOGY INC COM"
"ALLY","ALLY FINL INC COM"
"ALT","ALTIMMUNE INC COM NEW"
"AMAT","APPLIED MATLS INC COM"
"AMBA","AMBARELLA INC SHS"
"AMC","AMC ENTMT HLDGS INC CL A NEW"
"AMD","ADVANCED MICRO DEVICES INC COM"
"AMGN","AMGEN INC COM"
"AMZN","AMAZON COM INC COM"
"ANET","ARISTA NETWORKS INC COM SHS"
"ANF","ABERCROMBIE & FITCH CO CL A"
"ANVS","ANNOVIS BIO INC COM"
"APA","APA CORPORATION COM"
"APLD","APPLIED DIGITAL CORP COM NEW"
"APO","APOLLO GLOBAL MGMT INC COM"
"APP","APPLOVIN CORP COM CL A"
"APT","ALPHA PRO TECH LTD COM"
"AR","ANTERO RESOURCES CORP COM"
"ARM","ARM HOLDINGS PLC SPONSORED ADS"
"ASAN","ASANA INC CL A"
"ASML","ASML HOLDING N V N Y REGISTRY SHS"
"ASO","ACADEMY SPORTS & OUTDOORS INC COM"
"ASPN","ASPEN AEROGELS INC COM"
"ASTS","AST SPACEMOBILE INC COM CL A"
"AUR","AURORA INNOVATION INC CLASS A COM"
"AVGO","BROADCOM INC COM"
"AXP","AMERICAN EXPRESS CO COM"
"AZN","ASTRAZENECA PLC SPONSORED ADR"
"BA","BOEING CO COM"
"BABA","ALIBABA GROUP HLDG LTD SPONSORED ADS"
"BAC","BANK AMERICA CORP COM"
"BAX","BAXTER INTL INC COM"
"BB","BLACKBERRY LTD COM"
"BBAI","BIGBEAR AI HLDGS INC COM"
"BBWI","BATH & BODY WORKS INC COM"
"BBY","BEST BUY INC COM"
"BE","BLOOM ENERGY CORP COM CL A"
"BEKE","KE HLDGS INC SPONSORED ADS"
"BHC","BAUSCH HEALTH COS INC COM"
"BIDU","BAIDU INC SPON ADR REP A"
"BIIB","BIOGEN INC COM"
"BILI","BILIBILI INC SPONS ADS REP Z"
"BILL","BILL HOLDINGS INC COM"
"BITF","BITFARMS LTD COM"
"BK","BANK NEW YORK MELLON CORP COM"
"BKNG","BOOKING HOLDINGS INC COM"
"BLK","BLACKROCK INC COM"
"BLNK","BLINK CHARGING CO COM"
"BMBL","BUMBLE INC COM CL A"
"BMY","BRISTOL-MYERS SQUIBB CO COM"
"BP","BP PLC SPONSORED ADR"
"BSX","BOSTON SCIENTIFIC CORP COM"
"BTBT","BIT DIGITAL INC SHS"
"BTDR","BITDEER TECHNOLOGIES GROUP CL A ORD SHS"
"BTU","PEABODY ENERGY CORP COM"
"BUD","ANHEUSER BUSCH INBEV SA/NV SPONSORED ADR"
"BULL","WEBULL CORP ORD SHS"
"BURL","BURLINGTON STORES INC COM"
"BX","BLACKSTONE INC COM"
"BYND","BEYOND MEAT INC COM"
"BYON","BEYOND INC COM"
"C","CITIGROUP INC COM NEW"
"CAG","CONAGRA BRANDS INC COM"
"CAH","CARDINAL HEALTH INC COM"
"CAN","CANAAN INC SPONSORED ADS"
"CAR","AVIS BUDGET GROUP COM"
"CART","MAPLEBEAR INC COM"
"CAT","CATERPILLAR INC COM"
"CAVA","CAVA GROUP INC COM"
"CBOE","Cboe Global Markets, Inc."
"CC","CHEMOURS CO COM"
"CCJ","CAMECO CORP COM"
"CCL","CARNIVAL CORP PAIRED CTF"
"CEG","CONSTELLATION ENERGY CORP COM"
"CELH","CELSIUS HLDGS INC COM NEW"
"CF","CF INDS HLDGS INC COM"
"CGC","CANOPY GROWTH CORP COM NEW"
"CHPT","CHARGEPOINT HOLDINGS INC COM CL A"
"CHTR","CHARTER COMMUNICATIONS INC NEW CL A"
"CHWY","CHEWY INC CL A"
"CI","THE CIGNA GROUP COM"
"CIFR","CIPHER MINING INC COM"
"CL","COLGATE PALMOLIVE CO COM"
"CLF","CLEVELAND-CLIFFS INC NEW COM"
"CLMT","CALUMET INC COM"
"CLOV","CLOVER HEALTH INVESTMENTS CORP COM CL A"
"CLS","CELESTICA INC COM"
"CLSK","CLEANSPARK INC COM NEW"
"CMA","COMERICA INC COM"
"CMCSA","COMCAST CORP NEW CL A"
"CMG","CHIPOTLE MEXICAN GRILL INC COM"
"CNC","CENTENE CORP DEL COM"
"CNQ","CANADIAN NAT RES LTD COM"
"COF","CAPITAL ONE FINL CORP COM"
"COHR","COHERENT CORP COM"
"COIN","COINBASE GLOBAL INC COM CL A"
"COP","CONOCOPHILLIPS COM"
"CORZ","CORE SCIENTIFIC INC NEW COM"
"COST","COSTCO WHSL CORP NEW COM"
"CPB","THE CAMPBELLS COMPANY COM"
"CPNG","COUPANG INC CL A"
"CPRI","CAPRI HOLDINGS LIMITED SHS"
"CRH","CRH PLC ORD"
"CRM","SALESFORCE INC COM"
"CROX","CROCS INC COM"
"CRSP","CRISPR THERAPEUTICS AG NAMEN AKT"
"CRWD","CROWDSTRIKE HLDGS INC CL A"
"CRWV","COREWEAVE INC COM CL A"
"CSCO","CISCO SYS INC COM"
"CSIQ","CANADIAN SOLAR INC COM"
"CSX","CSX CORP COM"
"CTAS","CINTAS CORP COM"
"CTRA","COTERRA ENERGY INC COM"
"CVNA","CARVANA CO CL A"
"CVS","CVS HEALTH CORP COM"
"CVX","CHEVRON CORP NEW COM"
"CZR","CAESARS ENTERTAINMENT INC NEW COM"
"DAL","DELTA AIR LINES INC DEL COM NEW"
"DASH","DOORDASH INC CL A"
"DBX","DROPBOX INC CL A"
"DD","DUPONT DE NEMOURS INC COM"
"DDOG","DATADOG INC CL A COM"
"DE","DEERE & CO COM"
"DECK","DECKERS OUTDOOR CORP COM"
"DELL","DELL TECHNOLOGIES INC CL C"
"DFS","DISCOVER FINL SVCS COM"
"DG","DOLLAR GEN CORP NEW COM"
"DHI","D R HORTON INC COM"
"DHR","DANAHER CORPORATION COM"
"DIS","DISNEY WALT CO COM"
"DJT","TRUMP MEDIA & TECHNOLOGY GROUP COM"
"DKNG","DRAFTKINGS INC NEW COM CL A"
"DKS","DICKS SPORTING GOODS INC COM"
"DLR","DIGITAL RLTY TR INC COM"
"DLTR","DOLLAR TREE INC COM"
"DOCU","DOCUSIGN INC COM"
"DOW","DOW INC COM"
"DPZ","DOMINOS PIZZA INC COM"
"DQ","DAQO NEW ENERGY CORP SPNSRD ADS NEW"
"DVN","DEVON ENERGY CORP NEW COM"
"DXCM","DEXCOM INC COM"
"EBAY","EBAY INC. COM"
"EBS","EMERGENT BIOSOLUTIONS INC COM"
"EH","EHANG HLDGS LTD ADS"
"EL","LAUDER ESTEE COS INC CL A"
"ELF","E L F BEAUTY INC COM"
"EMR","EMERSON ELEC CO COM"
"ENPH","ENPHASE ENERGY INC COM"
"ENVX","ENOVIX CORPORATION COM"
"EOG","EOG RES INC COM"
"EOSE","EOS ENERGY ENTERPRISES INC COM CL A"
"EPD","ENTERPRISE PRODS PARTNERS L P COM"
"EQT","EQT CORP COM"
"ET","ENERGY TRANSFER L P COM UT LTD PTN"
"ETN","EATON CORP PLC SHS"
"ETSY","ETSY INC COM"
"EVGO","EVGO INC CL A COM"
"EXPE","EXPEDIA GROUP INC COM NEW"
"F","FORD MTR CO COM"
"FANG","DIAMONDBACK ENERGY INC COM"
"FCEL","FUELCELL ENERGY INC COM NEW"
"FCX","FREEPORT-MCMORAN INC CL B"
"FDX","FEDEX CORP COM"
"FFAI","FARADAY FUTURE INTLGT ELEC INC COM NEW CL A"
"FI","FISERV INC COM"
"FIS","FIDELITY NATL INFORMATION SVCS COM"
"FL","FOOT LOCKER INC COM"
"FOXA","FOX CORP CL A COM"
"FSLR","FIRST SOLAR INC COM"
"FSLY","FASTLY INC CL A"
"FTAI","FTAI AVIATION LTD SHS"
"FTNT","FORTINET INC COM"
"FUBO","FUBOTV INC COM"
"FUTU","FUTU HLDGS LTD SPON ADS CL A"
"GAP","GAP INC COM"
"GD","GENERAL DYNAMICS CORP COM"
"GDDY","GODADDY INC CL A"
"GE","GE AEROSPACE COM NEW"
"GEHC","GE HEALTHCARE TECHNOLOGIES INC COMMON STOCK"
"GEO","GEO GROUP INC NEW COM"
"GEV","GE VERNOVA INC COM"
"GEVO","GEVO INC COM PAR"
"GILD","GILEAD SCIENCES INC COM"
"GLW","CORNING INC COM"
"GM","GENERAL MTRS CO COM"
"GME","GAMESTOP CORP NEW CL A"
"GOLD","BARRICK GOLD CORP COM"
"GOOG","ALPHABET INC CAP STK CL C"
"GOOGL","ALPHABET INC CAP STK CL A"
"GOOS","CANADA GOOSE HLDGS INC SHS SUB VTG"
"GRAB","GRAB HOLDINGS LIMITED CLASS A ORD"
"GRPN","GROUPON INC COM NEW"
"GRRR","GORILLA TECHNOLOGY GROUP INC SHS NEW"
"GS","GOLDMAN SACHS GROUP INC COM"
"GSK","GSK PLC SPONSORED ADR"
"GTLB","GITLAB INC CLASS A COM"
"HAL","HALLIBURTON CO COM"
"HD","HOME DEPOT INC COM"
"HE","HAWAIIAN ELEC INDUSTRIES COM"
"HES","HESS CORP COM"
"HIMS","HIMS & HERS HEALTH INC COM CL A"
"HIVE","HIVE DIGITAL TECHNOLOGIES LTD COM NEW"
"HL","HECLA MNG CO COM"
"HLF","HERBALIFE LTD COM SHS"
"HOG","HARLEY DAVIDSON INC COM"
"HON","HONEYWELL INTL INC COM"
"HOOD","ROBINHOOD MKTS INC COM CL A"
"HPE","HEWLETT PACKARD ENTERPRISE CO COM"
"HPQ","HP INC COM"
"HRL","HORMEL FOODS CORP COM"
"HSBC","HSBC HLDGS PLC SPON ADR NEW"
"HSY","HERSHEY CO COM"
"HTZ","HERTZ GLOBAL HLDGS INC COM NEW"
"HUM","HUMANA INC COM"
"HUT","HUT 8 CORP COM"
"HWM","HOWMET AEROSPACE INC COM"
"IBM","INTERNATIONAL BUSINESS MACHS COM"
"IEP","ICAHN ENTERPRISES LP DEPOSITARY UNIT"
"ILMN","ILLUMINA INC COM"
"INO","INOVIO PHARMACEUTICALS INC COM SHS"
"INTC","INTEL CORP COM"
"INTU","INTUIT COM"
"IONQ","IONQ INC COM"
"IOT","SAMSARA INC COM CL A"
"IOVA","IOVANCE BIOTHERAPEUTICS INC COM"
"IP","INTERNATIONAL PAPER CO COM"
"IQ","IQIYI INC SPONSORED ADS"
"IRBT","IROBOT CORP COM"
"IREN","IREN LIMITED ORDINARY SHARES"
"IRM","IRON MTN INC DEL COM"
"ISRG","INTUITIVE SURGICAL INC COM NEW"
"JBLU","JETBLUE AWYS CORP COM"
"JD","JD.COM INC SPON ADS CL A"
"JMIA","JUMIA TECHNOLOGIES AG SPONSORED ADS"
"JNJ","JOHNSON & JOHNSON COM"
"JOBY","JOBY AVIATION INC COMMON STOCK"
"JPM","JPMORGAN CHASE & CO. COM"
"JWN","NORDSTROM INC COM"
"KEY","KEYCORP COM"
"KGC","KINROSS GOLD CORP COM"
"KHC","KRAFT HEINZ CO COM"
"KKR","KKR & CO INC COM"
"KMB","KIMBERLY-CLARK CORP COM"
"KMI","KINDER MORGAN INC DEL COM"
"KO","COCA COLA CO COM"
"KR","KROGER CO COM"
"KSS","KOHLS CORP COM"
"KULR","KULR TECHNOLOGY GROUP INC COM"
"KVUE","KENVUE INC COM"
"LAC","LITHIUM AMERS CORP NEW COM SHS"
"LAES","SEALSQ CORP ORD SHS"
"LAZR","LUMINAR TECHNOLOGIES INC COM NEW CL A"
"LCID","LUCID GROUP INC COM"
"LEN","LENNAR CORP CL A"
"LI","LI AUTO INC SPONSORED ADS"
"LLY","ELI LILLY & CO COM"
"LMND","LEMONADE INC COM"
"LMT","LOCKHEED MARTIN CORP COM"
"LOW","LOWES COS INC COM"
"LRCX","LAM RESEARCH CORP COM NEW"
"LULU","LULULEMON ATHLETICA INC COM"
"LUMN","LUMEN TECHNOLOGIES INC COM"
"LUNR","INTUITIVE MACHINES INC CLASS A COM"
"LUV","SOUTHWEST AIRLS CO COM"
"LVS","LAS VEGAS SANDS CORP COM"
"LYFT","LYFT INC CL A COM"
"M","MACYS INC COM"
"MA","MASTERCARD INCORPORATED CL A"
"MANU","MANCHESTER UTD PLC NEW ORD CL A"
"MAR","MARRIOTT INTL INC NEW CL A"
"MARA","MARA HOLDINGS INC COM"
"MBLY","MOBILEYE GLOBAL INC COMMON CLASS A"
"MCD","MCDONALDS CORP COM"
"MCHP","MICROCHIP TECHNOLOGY INC. COM"
"MCK","MCKESSON CORP COM"
"MDB","MONGODB INC CL A"
"MDLZ","MONDELEZ INTL INC CL A"
"MDT","MEDTRONIC PLC SHS"
"MELI","MERCADOLIBRE INC COM"
"META","META PLATFORMS INC CL A"
"MGM","MGM RESORTS INTERNATIONAL COM"
"MLCO","MELCO RESORTS AND ENTMNT LTD ADR"
"MLGO","MICROALGO INC ORD SHS"
"MMM","3M CO COM"
"MNKD","MANNKIND CORP COM NEW"
"MNST","MONSTER BEVERAGE CORP NEW COM"
"MO","ALTRIA GROUP INC COM"
"MOS","MOSAIC CO NEW COM"
"MP","MP MATERIALS CORP COM CL A"
"MPC","MARATHON PETE CORP COM"
"MPW","MEDICAL PPTYS TRUST INC COM"
"MRK","MERCK & CO INC COM"
"MRNA","MODERNA INC COM"
"MRVL","MARVELL TECHNOLOGY INC COM"
"MS","MORGAN STANLEY COM NEW"
"MSFT","MICROSOFT CORP COM"
"MSTR","MICROSTRATEGY INC CL A NEW"
"MT","ARCELORMITTAL SA LUXEMBOURG NY REGISTRY SH"
"MTCH","MATCH GROUP INC NEW COM"
"MU","MICRON TECHNOLOGY INC COM"
"MVIS","MICROVISION INC DEL COM NEW"
"NAK","NORTHERN DYNASTY MINERALS LTD COM NEW"
"NBIS","NEBIUS GROUP N.V. SHS CLASS A"
"NCLH","NORWEGIAN CRUISE LINE HLDG LTD SHS"
"NEE","NEXTERA ENERGY INC COM"
"NEM","NEWMONT CORP COM"
"NET","CLOUDFLARE INC CL A COM"
"NFE","NEW FORTRESS ENERGY INC COM CL A"
"NFLX","NETFLIX INC COM"
"NIO","NIO INC SPON ADS"
"NKE","NIKE INC CL B"
"NLY","ANNALY CAPITAL MANAGEMENT INC COM NEW"
"NMAX","NEWSMAX INC COM SHS CLASS B"
"NNE","NANO NUCLEAR ENERGY INC COM"
"NOK","NOKIA CORP SPONSORED ADR"
"NOW","SERVICENOW INC COM"
"NSC","NORFOLK SOUTHN CORP COM"
"NTAP","NETAPP INC COM"
"NTES","NETEASE INC SPONSORED ADS"
"NTR","NUTRIEN LTD COM"
"NU","NU HLDGS LTD ORD SHS CL A"
"NUE","NUCOR CORP COM"
"NVAX","NOVAVAX INC COM NEW"
"NVDA","NVIDIA CORPORATION COM"
"NVO","NOVO-NORDISK A S ADR"
"NXPI","NXP SEMICONDUCTORS N V COM"
"OKLO","OKLO INC COM CL A"
"OKTA","OKTA INC CL A"
"OMEX","ODYSSEY MARINE EXPL INC COM NEW"
"ON","ON SEMICONDUCTOR CORP COM"
"ONON","ON HLDG AG NAMEN AKT A"
"OPEN","OPENDOOR TECHNOLOGIES INC COM"
"ORCL","ORACLE CORP COM"
"OXY","OCCIDENTAL PETE CORP COM"
"PAA","PLAINS ALL AMERN PIPELINE L P UNIT LTD PARTN"
"PAAS","PAN AMERN SILVER CORP COM"
"PANW","PALO ALTO NETWORKS INC COM"
"PARA","PARAMOUNT GLOBAL CLASS B COM"
"PATH","UIPATH INC CL A"
"PBI","PITNEY BOWES INC COM"
"PBR","PETROLEO BRASILEIRO SA PETROBR SPONSORED ADR"
"PCG","PG&E CORP COM"
"PCT","PURECYCLE TECHNOLOGIES INC COM"
"PDD","PDD HOLDINGS INC SPONSORED ADS"
"PENN","PENN ENTERTAINMENT INC COM"
"PEP","PEPSICO INC COM"
"PFE","PFIZER INC COM"
"PG","PROCTER AND GAMBLE CO COM"
"PGR","PROGRESSIVE CORP COM"
"PHM","PULTE GROUP INC COM"
"PINS","PINTEREST INC CL A"
"PLCE","CHILDRENS PL INC NEW COM"
"PLTR","PALANTIR TECHNOLOGIES INC CL A"
"PLUG","PLUG POWER INC COM NEW"
"PM","PHILIP MORRIS INTL INC COM"
"PNC","PNC FINL SVCS GROUP INC COM"
"POET","POET TECHNOLOGIES INC COM NEW"
"PPG","PPG INDS INC COM"
"PSQH","PSQ HOLDINGS INC CL A"
"PSX","PHILLIPS 66 COM"
"PTON","PELOTON INTERACTIVE INC CL A COM"
"PYPL","PAYPAL HLDGS INC COM"
"QBTS","D-WAVE QUANTUM INC COM"
"QCOM","QUALCOMM INC COM"
"QS","QUANTUMSCAPE CORP COM CL A"
"QSI","QUANTUM SI INC COM CL A"
"QUBT","QUANTUM COMPUTING INC COM"
"RBLX","ROBLOX CORP CL A"
"RCAT","RED CAT HLDGS INC COM"
"RCL","ROYAL CARIBBEAN GROUP COM"
"RDDT","REDDIT INC CL A"
"RDFN","REDFIN CORP COM"
"REGN","REGENERON PHARMACEUTICALS COM"
"RGTI","RIGETTI COMPUTING INC COMMON STOCK"
"RH","RH COM"
"RIG","TRANSOCEAN LTD REGISTERED SHS"
"RILY","B. RILEY FINANCIAL INC COM"
"RIOT","RIOT PLATFORMS INC COM"
"RIVN","RIVIAN AUTOMOTIVE INC COM CL A"
"RKLB","ROCKET LAB USA INC COM"
"RKT","ROCKET COS INC COM CL A"
"RNG","RINGCENTRAL INC CL A"
"ROKU","ROKU INC COM CL A"
"ROST","ROSS STORES INC COM"
"RTX","RTX CORPORATION COM"
"RUM","RUMBLE INC COM CL A"
"RUN","SUNRUN INC COM"
"RXRX","RECURSION PHARMACEUTICALS INC CL A"
"S","SENTINELONE INC CL A"
"SAVA","CASSAVA SCIENCES INC COM"
"SBUX","STARBUCKS CORP COM"
"SCHW","SCHWAB CHARLES CORP COM"
"SE","SEA LTD SPONSORD ADS"
"SEDG","SOLAREDGE TECHNOLOGIES INC COM"
"SERV","SERVE ROBOTICS INC COM"
"SFIX","STITCH FIX INC COM CL A"
"SHAK","SHAKE SHACK INC CL A"
"SHEL","SHELL PLC SPON ADS"
"SHOP","SHOPIFY INC CL A SUB VTG SHS"
"SIG","SIGNET JEWELERS LIMITED SHS"
"SIRI","SIRIUSXM HOLDINGS INC COMMON STOCK"
"SKYT","SKYWATER TECHNOLOGY INC COM"
"SLB","SCHLUMBERGER LTD COM STK"
"SMCI","SUPER MICRO COMPUTER INC COM NEW"
"SMMT","SUMMIT THERAPEUTICS INC COM"
"SMR","NUSCALE PWR CORP CL A COM"
"SNAP","SNAP INC CL A"
"SNDL","SNDL INC COM"
"SNOW","SNOWFLAKE INC CL A"
"SNV","SYNOVUS FINL CORP COM NEW"
"SO","SOUTHERN CO COM"
"SOFI","SOFI TECHNOLOGIES INC COM"
"SONY","SONY GROUP CORP SPONSORED ADR"
"SOUN","SOUNDHOUND AI INC CLASS A COM"
"SPCE","VIRGIN GALACTIC HOLDINGS INC COM NEW"
"SPGI","S&P GLOBAL INC COM"
"SPOT","SPOTIFY TECHNOLOGY S A SHS"
"SRPT","SAREPTA THERAPEUTICS INC COM"
"STLA","STELLANTIS N.V SHS"
"STNE","STONECO LTD COM CL A"
"STX","SEAGATE TECHNOLOGY HLDNGS PLC ORD SHS"
"STZ","CONSTELLATION BRANDS INC CL A"
"SU","SUNCOR ENERGY INC NEW COM"
"SWTX","SPRINGWORKS THERAPEUTICS INC COM"
"SYM","SYMBOTIC INC CLASS A COM"
"T","AT&T INC COM"
"TAL","TAL EDUCATION GROUP SPONSORED ADS"
"TDOC","TELADOC HEALTH INC COM"
"TEAM","ATLASSIAN CORPORATION CL A"
"TECK","TECK RESOURCES LTD CL B"
"TEM","TEMPUS AI INC CL A"
"TEVA","TEVA PHARMACEUTICAL INDS LTD SPONSORED ADS"
"TFC","TRUIST FINL CORP COM"
"TGT","TARGET CORP COM"
"TGTX","TG THERAPEUTICS INC COM"
"TIGR","UP FINTECH HLDG LTD SPONSORED ADS"
"TJX","TJX COS INC NEW COM"
"TLRY","TILRAY BRANDS INC COM"
"TMO","THERMO FISHER SCIENTIFIC INC COM"
"TMUS","T-MOBILE US INC COM"
"TOL","TOLL BROTHERS INC COM"
"TOST","TOAST INC CL A"
"TPR","TAPESTRY INC COM"
"TRIP","TRIPADVISOR INC COM"
"TSCO","TRACTOR SUPPLY CO COM"
"TSLA","TESLA INC COM"
"TSM","TAIWAN SEMICONDUCTOR MFG LTD SPONSORED ADS"
"TTD","THE TRADE DESK INC COM CL A"
"TTWO","TAKE-TWO INTERACTIVE SOFTWARE COM"
"TWLO","TWILIO INC CL A"
"TXN","TEXAS INSTRS INC COM"
"TXRH","TEXAS ROADHOUSE INC COM"
"U","UNITY SOFTWARE INC COM"
"UAL","UNITED AIRLS HLDGS INC COM"
"UBER","UBER TECHNOLOGIES INC COM"
"UBS","UBS GROUP AG SHS"
"UEC","URANIUM ENERGY CORP COM"
"ULTA","ULTA BEAUTY INC COM"
"UNH","UNITEDHEALTH GROUP INC COM"
"UNP","UNION PAC CORP COM"
"UPS","UNITED PARCEL SERVICE INC CL B"
"UPST","UPSTART HLDGS INC COM"
"URBN","URBAN OUTFITTERS INC COM"
"URI","UNITED RENTALS INC COM"
"USB","US BANCORP DEL COM NEW"
"UUUU","ENERGY FUELS INC COM NEW"
"UWMC","UWM HOLDINGS CORPORATION COM CL A"
"V","VISA INC COM CL A"
"VALE","VALE S A SPONSORED ADS"
"VERU","VERU INC COM"
"VFC","V F CORP COM"
"VFS","VINFAST AUTO LTD SHS"
"VKTX","VIKING THERAPEUTICS INC COM"
"VLO","VALERO ENERGY CORP COM"
"VOD","VODAFONE GROUP PLC NEW SPONSORED ADR"
"VRT","VERTIV HOLDINGS CO COM CL A"
"VRTX","VERTEX PHARMACEUTICALS INC COM"
"VST","VISTRA CORP COM"
"VZ","VERIZON COMMUNICATIONS INC COM"
"W","WAYFAIR INC CL A"
"WB","WEIBO CORP SPONSORED ADR"
"WBA","WALGREENS BOOTS ALLIANCE INC COM"
"WBD","WARNER BROS DISCOVERY INC COM SER A"
"WDAY","WORKDAY INC CL A"
"WDC","WESTERN DIGITAL CORP COM"
"WFC","WELLS FARGO CO NEW COM"
"WGS","GENEDX HOLDINGS CORP COM CL A"
"WMB","WILLIAMS COS INC COM"
"WMT","WALMART INC COM"
"WOLF","WOLFSPEED INC COM"
"WPM","WHEATON PRECIOUS METALS CORP COM"
"WULF","TERAWULF INC COM"
"WYNN","WYNN RESORTS LTD COM"
"X","UNITED STATES STL CORP NEW COM"
"XOM","EXXON MOBIL CORP COM"
"XP","XP INC CL A"
"XPEV","XPENG INC ADS"
"XYZ","BLOCK INC CL A"
"Z","ZILLOW GROUP INC CL C CAP STK"
"ZETA","ZETA GLOBAL HOLDINGS CORP CL A"
"ZI","ZOOMINFO TECHNOLOGIES INC COMMON STOCK"
"ZIM","ZIM INTEGRATED SHIPPING SERV SHS"
"ZM","ZOOM COMMUNICATIONS INC CL A"
"ZS","ZSCALER INC COM"
